data_plot_name	CB2	MAGeCK	PinAPL-Py
YUSA_plasmid	0.8958789487	0.8535434998	0.8935900427
Evers_RT112	0.7215449253	0.641169	0.7086414029
Parnas_TNF_plasmid_LibAB	0.3063352114	0.2473933507	0.2985323599
Golden_ANKRD52_KO(LibA1)	0.786931323	0.761839014	0.7368201025
Golden_ANKRD52_KO(LibB1)	0.8042984487	0.7752348214	0.7396931621
Golden_ANKRD52_KO(LibA2)	0.7704256284	0.7448129375	0.7188682918
Golden_ANKRD52_KO(LibB2)	0.8130440354	0.7856668254	0.7535011116
